name,count,label
上海市 上海市 嘉定区,1410,通過
上海市 上海市 宝山区,22,通過
上海市 上海市 徐汇区,1833,宿泊
上海市 上海市 普陀区,777,宿泊
上海市 上海市 杨浦区,332,宿泊
上海市 上海市 松江区,3096,宿泊
上海市 上海市 浦东新区,2841,宿泊
上海市 上海市 虹口区,270,訪問
上海市 上海市 金山区,572,通過
上海市 上海市 长宁区,1101,宿泊
上海市 上海市 闵行区,2302,訪問
上海市 上海市 青浦区,406,宿泊
上海市 上海市 静安区,1113,宿泊
上海市 上海市 黄浦区,1181,宿泊
北京市 北京市 东城区,1197,訪問
北京市 北京市 丰台区,1071,訪問
北京市 北京市 大兴区,834,通過
北京市 北京市 房山区,915,通過
北京市 北京市 朝阳区,582,宿泊
北京市 北京市 海淀区,1872,訪問
北京市 北京市 石景山区,703,宿泊
北京市 北京市 西城区,1035,訪問
四川省 成都市 双流区,315,訪問
四川省 成都市 武侯区,365,宿泊
四川省 成都市 锦江区,204,訪問
四川省 成都市 青羊区,201,宿泊
天津市 天津市 北辰区,534,通過
天津市 天津市 武清区,717,通過
天津市 天津市 河北区,51,通過
天津市 天津市 红桥区,96,通過
天津市 天津市 西青区,697,通過
天津市 天津市 静海区,1128,通過
安徽省 亳州市 利辛县,518,通過
安徽省 亳州市 涡阳县,549,通過
安徽省 亳州市 谯城区,846,通過
安徽省 六安市 裕安区,632,通過
安徽省 六安市 金安区,277,通過
安徽省 六安市 金寨县,995,通過
安徽省 合肥市 包河区,296,通過
安徽省 合肥市 巢湖市,757,通過
安徽省 合肥市 瑶海区,165,通過
安徽省 合肥市 肥东县,1386,通過
安徽省 合肥市 肥西县,437,通過
安徽省 合肥市 蜀山区,115,通過
安徽省 合肥市 长丰县,820,通過
安徽省 宣城市 宣州区,507,通過
安徽省 宣城市 广德市,507,通過
安徽省 宣城市 绩溪县,410,通過
安徽省 宣城市 郎溪县,149,通過
安徽省 宿州市 埇桥区,2560,通過
安徽省 宿州市 砀山县,1424,通過
安徽省 宿州市 萧县,1738,通過
安徽省 淮北市 杜集区,263,通過
安徽省 淮北市 濉溪县,526,通過
安徽省 淮北市 相山区,76,通過
安徽省 淮南市 凤台县,354,通過
安徽省 淮南市 大通区,211,通過
安徽省 淮南市 潘集区,242,通過
安徽省 淮南市 田家庵区,206,通過
安徽省 滁州市 全椒县,1784,通過
安徽省 滁州市 凤阳县,1139,通過
安徽省 滁州市 南谯区,1349,通過
安徽省 滁州市 定远县,758,通過
安徽省 滁州市 明光市,634,通過
安徽省 滁州市 琅琊区,130,通過
安徽省 芜湖市 弋江区,177,通過
安徽省 芜湖市 湾沚区,310,通過
安徽省 芜湖市 镜湖区,179,通過
安徽省 芜湖市 鸠江区,363,通過
安徽省 蚌埠市 固镇县,1661,通過
安徽省 蚌埠市 淮上区,544,通過
安徽省 蚌埠市 龙子湖区,513,通過
安徽省 阜阳市 太和县,368,通過
安徽省 阜阳市 阜南县,629,通過
安徽省 阜阳市 颍上县,361,通過
安徽省 阜阳市 颍东区,693,通過
安徽省 阜阳市 颍州区,414,通過
安徽省 阜阳市 颍泉区,341,通過
安徽省 马鞍山市 含山县,314,通過
安徽省 黄山市 休宁县,571,通過
安徽省 黄山市 屯溪区,241,通過
安徽省 黄山市 徽州区,190,通過
安徽省 黄山市 歙县,801,通過
山东省 临沂市 临沭县,0,通過
山东省 临沂市 沂南县,0,通過
山东省 临沂市 沂水县,0,通過
山东省 临沂市 河东区,0,通過
山东省 临沂市 莒南县,0,通過
山东省 临沂市 蒙阴县,95,宿泊
山东省 威海市 乳山市,0,通過
山东省 威海市 文登区,0,通過
山东省 威海市 环翠区,0,訪問
山东省 威海市 荣成市,0,訪問
山东省 德州市 平原县,675,通過
山东省 德州市 德城区,717,通過
山东省 德州市 禹城市,640,通過
山东省 德州市 陵城区,279,通過
山东省 德州市 齐河县,703,通過
山东省 日照市 东港区,0,訪問
山东省 日照市 五莲县,0,通過
山东省 日照市 岚山区,0,通過
山东省 日照市 莒县,0,通過
山东省 枣庄市 台儿庄区,152,訪問
山东省 枣庄市 峄城区,157,通過
山东省 枣庄市 滕州市,1953,通過
山东省 枣庄市 薛城区,1102,通過
山东省 泰安市 东平县,0,訪問
山东省 泰安市 宁阳县,1405,訪問
山东省 泰安市 岱岳区,4680,訪問
山东省 泰安市 新泰市,0,通過
山东省 泰安市 泰山区,5218,住居
山东省 泰安市 肥城市,0,通過
山东省 济南市 历下区,0,訪問
山东省 济南市 历城区,1993,接地
山东省 济南市 天桥区,245,通過
山东省 济南市 市中区,604,通過
山东省 济南市 槐荫区,462,宿泊
山东省 济南市 章丘区,58,通過
山东省 济南市 莱芜区,1622,訪問
山东省 济南市 钢城区,1195,通過
山东省 济南市 长清区,1060,宿泊
山东省 济宁市 任城区,301,通過
山东省 济宁市 兖州区,673,住居
山东省 济宁市 嘉祥县,279,通過
山东省 济宁市 微山县,356,通過
山东省 济宁市 曲阜市,3312,訪問
山东省 济宁市 梁山县,0,通過
山东省 济宁市 邹城市,1459,通過
山东省 淄博市 临淄区,0,通過
山东省 淄博市 博山区,0,通過
山东省 淄博市 周村区,0,通過
山东省 淄博市 张店区,0,通過
山东省 淄博市 沂源县,1199,通過
山东省 淄博市 淄川区,0,通過
山东省 潍坊市 奎文区,0,訪問
山东省 潍坊市 寿光市,0,通過
山东省 潍坊市 昌乐县,0,通過
山东省 潍坊市 潍城区,0,通過
山东省 潍坊市 诸城市,0,通過
山东省 潍坊市 青州市,0,通過
山东省 烟台市 海阳市,0,通過
山东省 烟台市 莱阳市,0,通過
山东省 菏泽市 定陶区,269,通過
山东省 菏泽市 巨野县,518,通過
山东省 菏泽市 曹县,580,通過
山东省 菏泽市 牡丹区,469,訪問
山东省 菏泽市 郓城县,0,通過
山东省 青岛市 即墨区,0,通過
山东省 青岛市 城阳区,0,通過
山东省 青岛市 市北区,0,通過
山东省 青岛市 市南区,0,宿泊
山东省 青岛市 李沧区,0,通過
山东省 青岛市 胶州市,0,通過
山东省 青岛市 黄岛区,0,訪問
广东省 东莞市 东莞市,320,通過
广东省 中山市 中山市,513,通過
广东省 佛山市 南海区,292,通過
广东省 佛山市 顺德区,757,通過
广东省 广州市 南沙区,274,通過
广东省 广州市 天河区,175,訪問
广东省 广州市 海珠区,532,宿泊
广东省 广州市 番禺区,673,宿泊
广东省 广州市 白云区,1326,宿泊
广东省 广州市 花都区,725,接地
广东省 广州市 荔湾区,265,接地
广东省 广州市 越秀区,494,訪問
广东省 惠州市 惠东县,406,通過
广东省 惠州市 惠阳区,238,通過
广东省 揭阳市 惠来县,205,通過
广东省 揭阳市 普宁市,364,通過
广东省 揭阳市 榕城区,86,通過
广东省 汕头市 潮阳区,234,通過
广东省 汕头市 澄海区,69,通過
广东省 汕尾市 城区,218,通過
广东省 汕尾市 海丰县,497,通過
广东省 汕尾市 陆丰市,550,通過
广东省 江门市 台山市,749,通過
广东省 江门市 开平市,815,宿泊
广东省 江门市 恩平市,394,訪問
广东省 江门市 新会区,657,通過
广东省 江门市 江海区,258,通過
广东省 深圳市 光明区,164,通過
广东省 深圳市 坪山区,111,通過
广东省 深圳市 宝安区,113,通過
广东省 深圳市 福田区,2,通過
广东省 深圳市 龙华区,155,通過
广东省 深圳市 龙岗区,329,通過
广东省 清远市 清城区,1474,通過
广东省 清远市 英德市,2504,通過
广东省 潮州市 湘桥区,110,通過
广东省 潮州市 潮安区,203,通過
广东省 潮州市 饶平县,279,通過
广东省 韶关市 乐昌市,1779,通過
广东省 韶关市 乳源瑶族自治县,263,通過
广东省 韶关市 曲江区,936,通過
广东省 韶关市 武江区,244,通過
广东省 韶关市 浈江区,757,通過
广西壮族自治区 北海市 海城区,174,訪問
广西壮族自治区 北海市 银海区,521,宿泊
广西壮族自治区 桂林市 全州县,1441,通過
广西壮族自治区 桂林市 兴安县,675,通過
广西壮族自治区 桂林市 叠彩区,122,接地
广西壮族自治区 桂林市 灵川县,486,通過
广西壮族自治区 桂林市 秀峰区,45,宿泊
广西壮族自治区 桂林市 象山区,110,訪問
日本 兵庫県 三田市,52,接地
日本 兵庫県 伊丹市,45,通過
日本 兵庫県 宝塚市,138,訪問
日本 兵庫県 尼崎市,156,接地
日本 兵庫県 川西市,47,通過
日本 兵庫県 神戸市 中央区,145,訪問
日本 兵庫県 神戸市 北区,317,通過
日本 兵庫県 神戸市 東灘区,58,通過
日本 兵庫県 神戸市 灘区,42,通過
日本 兵庫県 芦屋市,28,通過
日本 兵庫県 西宮市,250,訪問
日本 千葉県 印西市,171,通過
日本 千葉県 山武郡 芝山町,12,通過
日本 千葉県 市川市,29,通過
日本 千葉県 成田市,301,訪問
日本 千葉県 松戸市,89,通過
日本 千葉県 柏市,1,通過
日本 千葉県 白井市,81,通過
日本 千葉県 船橋市,21,通過
日本 千葉県 鎌ケ谷市,40,通過
日本 大阪府 堺市 堺区,93,通過
日本 大阪府 堺市 西区,54,通過
日本 大阪府 大阪市 中央区,116,訪問
日本 大阪府 大阪市 住之江区,39,通過
日本 大阪府 大阪市 住吉区,37,通過
日本 大阪府 大阪市 北区,220,訪問
日本 大阪府 大阪市 大正区,7,通過
日本 大阪府 大阪市 天王寺区,19,接地
日本 大阪府 大阪市 此花区,171,訪問
日本 大阪府 大阪市 浪速区,169,訪問
日本 大阪府 大阪市 淀川区,51,通過
日本 大阪府 大阪市 港区,25,通過
日本 大阪府 大阪市 福島区,149,接地
日本 大阪府 大阪市 西区,59,通過
日本 大阪府 大阪市 西成区,207,宿泊
日本 大阪府 大阪市 西淀川区,69,訪問
日本 大阪府 岸和田市,86,通過
日本 大阪府 泉佐野市,171,接地
日本 大阪府 泉北郡 忠岡町,17,通過
日本 大阪府 泉南市,4,通過
日本 大阪府 泉南郡 田尻町,91,接地
日本 大阪府 泉大津市,66,通過
日本 大阪府 貝塚市,43,通過
日本 大阪府 高石市,68,通過
日本 岐阜県 加茂郡 坂祝町,59,通過
日本 岐阜県 加茂郡 富加町,19,通過
日本 岐阜県 各務原市,144,通過
日本 岐阜県 岐阜市,156,訪問
日本 岐阜県 美濃加茂市,90,接地
日本 岐阜県 美濃市,375,宿泊
日本 岐阜県 羽島郡 岐南町,63,通過
日本 岐阜県 羽島郡 笠松町,16,通過
日本 岐阜県 郡上市,1102,宿泊
日本 岐阜県 関市,225,通過
日本 愛知県 一宮市,145,通過
日本 愛知県 丹羽郡 扶桑町,57,通過
日本 愛知県 北名古屋市,44,通過
日本 愛知県 名古屋市 中区,16,通過
日本 愛知県 名古屋市 中川区,45,通過
日本 愛知県 名古屋市 中村区,63,訪問
日本 愛知県 名古屋市 南区,91,通過
日本 愛知県 名古屋市 港区,1,通過
日本 愛知県 名古屋市 熱田区,59,通過
日本 愛知県 名古屋市 瑞穂区,2,通過
日本 愛知県 名古屋市 西区,79,通過
日本 愛知県 岩倉市,57,通過
日本 愛知県 常滑市,278,接地
日本 愛知県 東海市,148,通過
日本 愛知県 江南市,72,通過
日本 愛知県 清須市,81,通過
日本 愛知県 犬山市,45,通過
日本 愛知県 知多市,154,通過
日本 愛知県 稲沢市,79,通過
日本 東京都 世田谷区,45,訪問
日本 東京都 中央区,66,通過
日本 東京都 千代田区,236,訪問
日本 東京都 台東区,62,接地
日本 東京都 品川区,21,通過
日本 東京都 墨田区,134,宿泊
日本 東京都 大田区,132,接地
日本 東京都 文京区,66,通過
日本 東京都 新宿区,122,訪問
日本 東京都 渋谷区,134,訪問
日本 東京都 港区,118,接地
日本 東京都 目黒区,16,通過
日本 東京都 荒川区,37,通過
日本 東京都 葛飾区,83,通過
日本 東京都 豊島区,119,訪問
日本 東京都 足立区,34,通過
江苏省 南京市 栖霞区,840,通過
江苏省 南京市 江宁区,1419,通過
江苏省 南京市 浦口区,1389,通過
江苏省 南京市 溧水区,806,通過
江苏省 南京市 玄武区,466,訪問
江苏省 南京市 秦淮区,557,訪問
江苏省 南京市 雨花台区,753,接地
江苏省 南京市 鼓楼区,51,通過
江苏省 南通市 如皋市,450,通過
江苏省 南通市 海安市,197,通過
江苏省 南通市 通州区,263,通過
江苏省 宿迁市 宿城区,489,通過
江苏省 宿迁市 泗阳县,277,通過
江苏省 常州市 天宁区,454,通過
江苏省 常州市 新北区,1114,通過
江苏省 常州市 武进区,779,通過
江苏省 常州市 溧阳市,1248,通過
江苏省 常州市 钟楼区,250,通過
江苏省 徐州市 云龙区,468,訪問
江苏省 徐州市 泉山区,386,訪問
江苏省 徐州市 睢宁县,785,通過
江苏省 徐州市 贾汪区,1192,接地
江苏省 徐州市 铜山区,2244,通過
江苏省 徐州市 鼓楼区,789,訪問
江苏省 无锡市 宜兴市,2132,訪問
江苏省 无锡市 惠山区,621,通過
江苏省 无锡市 新吴区,733,通過
江苏省 无锡市 梁溪区,282,通過
江苏省 无锡市 江阴市,317,通過
江苏省 无锡市 锡山区,525,通過
江苏省 淮安市 涟水县,24,通過
江苏省 淮安市 淮安区,461,通過
江苏省 淮安市 淮阴区,433,通過
江苏省 淮安市 清江浦区,80,通過
江苏省 盐城市 东台市,436,通過
江苏省 盐城市 亭湖区,479,通過
江苏省 盐城市 大丰区,452,通過
江苏省 盐城市 建湖县,334,通過
江苏省 盐城市 阜宁县,270,通過
江苏省 苏州市 吴中区,645,通過
江苏省 苏州市 吴江区,1378,訪問
江苏省 苏州市 太仓市,329,通過
江苏省 苏州市 姑苏区,672,宿泊
江苏省 苏州市 常熟市,451,通過
江苏省 苏州市 张家港市,377,通過
江苏省 苏州市 昆山市,1277,通過
江苏省 苏州市 相城区,459,通過
江苏省 苏州市 虎丘区,408,通過
江苏省 连云港市 海州区,0,訪問
江苏省 连云港市 赣榆区,0,通過
江苏省 连云港市 连云区,0,通過
江苏省 镇江市 丹徒区,1204,通過
江苏省 镇江市 丹阳市,1463,通過
江苏省 镇江市 京口区,51,通過
江苏省 镇江市 句容市,1212,通過
江苏省 镇江市 润州区,738,通過
江西省 上饶市 信州区,267,通過
江西省 上饶市 婺源县,1767,通過
江西省 上饶市 广丰区,29,通過
江西省 上饶市 广信区,263,通過
江西省 上饶市 弋阳县,294,通過
江西省 上饶市 德兴市,284,通過
江西省 上饶市 横峰县,214,通過
江西省 上饶市 玉山县,314,通過
江西省 上饶市 鄱阳县,1100,通過
江西省 九江市 柴桑区,1121,通過
江西省 九江市 浔阳区,439,通過
江西省 九江市 湖口县,868,通過
江西省 九江市 濂溪区,638,通過
江西省 九江市 瑞昌市,1198,通過
江西省 九江市 都昌县,620,通過
江西省 南昌市 南昌县,211,通過
江西省 南昌市 进贤县,532,通過
江西省 宜春市 丰城市,414,通過
江西省 宜春市 樟树市,607,通過
江西省 宜春市 袁州区,473,通過
江西省 抚州市 东乡区,274,通過
江西省 新余市 分宜县,224,通過
江西省 新余市 渝水区,506,通過
江西省 景德镇市 昌江区,93,通過
江西省 景德镇市 浮梁县,506,通過
江西省 景德镇市 珠山区,137,通過
江西省 萍乡市 安源区,259,通過
江西省 萍乡市 湘东区,199,通過
江西省 萍乡市 芦溪县,243,通過
江西省 鹰潭市 余江区,336,通過
江西省 鹰潭市 月湖区,186,通過
江西省 鹰潭市 贵溪市,264,通過
河北省 保定市 唐县,21,通過
河北省 保定市 定兴县,650,通過
河北省 保定市 定州市,1085,通過
河北省 保定市 容城县,152,通過
河北省 保定市 徐水区,645,通過
河北省 保定市 望都县,380,通過
河北省 保定市 涿州市,848,通過
河北省 保定市 清苑区,953,通過
河北省 保定市 满城区,167,通過
河北省 保定市 竞秀区,137,通過
河北省 保定市 莲池区,193,通過
河北省 保定市 顺平县,27,通過
河北省 保定市 高碑店市,381,通過
河北省 廊坊市 安次区,314,通過
河北省 廊坊市 广阳区,428,通過
河北省 沧州市 东光县,735,通過
河北省 沧州市 南皮县,375,通過
河北省 沧州市 吴桥县,877,訪問
河北省 沧州市 新华区,127,通過
河北省 沧州市 沧县,803,通過
河北省 沧州市 泊头市,183,通過
河北省 沧州市 青县,880,通過
河北省 石家庄市 元氏县,665,通過
河北省 石家庄市 新乐市,683,通過
河北省 石家庄市 新华区,21,通過
河北省 石家庄市 栾城区,65,通過
河北省 石家庄市 桥西区,206,通過
河北省 石家庄市 正定县,940,通過
河北省 石家庄市 藁城区,176,通過
河北省 石家庄市 赞皇县,34,通過
河北省 石家庄市 长安区,290,通過
河北省 石家庄市 高邑县,316,通過
河北省 石家庄市 鹿泉区,167,通過
河北省 邢台市 临城县,430,通過
河北省 邢台市 任泽区,47,通過
河北省 邢台市 信都区,253,通過
河北省 邢台市 内丘县,520,通過
河北省 邢台市 柏乡县,20,通過
河北省 邢台市 沙河市,185,通過
河北省 邢台市 襄都区,487,通過
河北省 邢台市 隆尧县,133,通過
河北省 邯郸市 丛台区,527,訪問
河北省 邯郸市 临漳县,308,通過
河北省 邯郸市 复兴区,44,通過
河北省 邯郸市 成安县,157,通過
河北省 邯郸市 永年区,390,通過
河北省 邯郸市 磁县,460,通過
河北省 邯郸市 邯山区,872,宿泊
河南省 三门峡市 义马市,203,通過
河南省 三门峡市 渑池县,881,通過
河南省 三门峡市 湖滨区,470,通過
河南省 三门峡市 灵宝市,2359,通過
河南省 三门峡市 陕州区,1421,通過
河南省 信阳市 光山县,687,通過
河南省 信阳市 平桥区,2834,宿泊
河南省 信阳市 新县,480,通過
河南省 信阳市 浉河区,1496,訪問
河南省 信阳市 淮滨县,555,通過
河南省 信阳市 潢川县,860,通過
河南省 商丘市 夏邑县,255,通過
河南省 商丘市 宁陵县,738,通過
河南省 商丘市 梁园区,1431,通過
河南省 商丘市 民权县,1431,通過
河南省 商丘市 永城市,206,通過
河南省 商丘市 睢阳区,27,通過
河南省 商丘市 虞城县,1712,通過
河南省 安阳市 北关区,989,宿泊
河南省 安阳市 安阳县,713,訪問
河南省 安阳市 文峰区,354,訪問
河南省 安阳市 殷都区,306,訪問
河南省 安阳市 汤阴县,766,通過
河南省 安阳市 龙安区,246,通過
河南省 开封市 兰考县,572,通過
河南省 开封市 祥符区,898,通過
河南省 开封市 禹王台区,57,通過
河南省 开封市 顺河回族区,322,通過
河南省 开封市 鼓楼区,33,通過
河南省 开封市 龙亭区,614,通過
河南省 新乡市 凤泉区,185,通過
河南省 新乡市 卫滨区,211,通過
河南省 新乡市 卫辉市,821,通過
河南省 新乡市 原阳县,257,通過
河南省 新乡市 新乡县,552,通過
河南省 新乡市 牧野区,112,通過
河南省 新乡市 红旗区,166,通過
河南省 新乡市 获嘉县,242,通過
河南省 洛阳市 偃师区,637,通過
河南省 洛阳市 宜阳县,415,通過
河南省 洛阳市 新安县,459,通過
河南省 洛阳市 洛龙区,610,宿泊
河南省 洛阳市 涧西区,120,通過
河南省 洛阳市 瀍河回族区,193,通過
河南省 洛阳市 老城区,33,通過
河南省 洛阳市 西工区,168,通過
河南省 漯河市 临颍县,1378,通過
河南省 漯河市 召陵区,99,通過
河南省 漯河市 源汇区,476,通過
河南省 漯河市 郾城区,772,通過
河南省 焦作市 修武县,0,宿泊
河南省 焦作市 武陟县,279,通過
河南省 许昌市 建安区,1114,通過
河南省 许昌市 长葛市,922,通過
河南省 许昌市 魏都区,250,通過
河南省 郑州市 上街区,104,通過
河南省 郑州市 中原区,310,通過
河南省 郑州市 中牟县,1308,通過
河南省 郑州市 二七区,324,通過
河南省 郑州市 巩义市,1020,通過
河南省 郑州市 惠济区,537,通過
河南省 郑州市 新郑市,1515,通過
河南省 郑州市 管城回族区,1156,通過
河南省 郑州市 荥阳市,789,通過
河南省 郑州市 金水区,721,通過
河南省 驻马店市 确山县,2207,通過
河南省 驻马店市 西平县,1382,通過
河南省 驻马店市 遂平县,1048,通過
河南省 驻马店市 驿城区,1263,通過
河南省 鹤壁市 淇县,730,通過
河南省 鹤壁市 淇滨区,344,通過
浙江省 丽水市 缙云县,295,通過
浙江省 丽水市 莲都区,224,通過
浙江省 丽水市 青田县,617,通過
浙江省 台州市 三门县,268,通過
浙江省 台州市 临海市,387,通過
浙江省 台州市 温岭市,183,通過
浙江省 台州市 路桥区,127,通過
浙江省 台州市 黄岩区,118,通過
浙江省 嘉兴市 南湖区,1318,通過
浙江省 嘉兴市 嘉善县,844,通過
浙江省 嘉兴市 桐乡市,910,通過
浙江省 嘉兴市 海宁市,1892,通過
浙江省 嘉兴市 秀洲区,1046,通過
浙江省 宁波市 余姚市,452,通過
浙江省 宁波市 奉化区,284,通過
浙江省 宁波市 宁海县,483,通過
浙江省 宁波市 慈溪市,59,通過
浙江省 宁波市 江北区,211,通過
浙江省 宁波市 海曙区,79,通過
浙江省 宁波市 鄞州区,275,通過
浙江省 杭州市 上城区,4004,訪問
浙江省 杭州市 临安区,147,宿泊
浙江省 杭州市 临平区,1493,宿泊
浙江省 杭州市 余杭区,2412,訪問
浙江省 杭州市 富阳区,435,通過
浙江省 杭州市 建德市,444,通過
浙江省 杭州市 拱墅区,2002,訪問
浙江省 杭州市 桐庐县,297,通過
浙江省 杭州市 淳安县,2679,宿泊
浙江省 杭州市 滨江区,2160,住居
浙江省 杭州市 萧山区,6390,訪問
浙江省 杭州市 西湖区,2236,宿泊
浙江省 杭州市 钱塘区,558,訪問
浙江省 温州市 乐清市,639,通過
浙江省 温州市 平阳县,469,通過
浙江省 温州市 永嘉县,256,通過
浙江省 温州市 瑞安市,295,通過
浙江省 温州市 瓯海区,450,通過
浙江省 温州市 苍南县,307,通過
浙江省 温州市 鹿城区,80,通過
浙江省 温州市 龙港市,24,通過
浙江省 湖州市 南浔区,505,通過
浙江省 湖州市 吴兴区,2082,通過
浙江省 湖州市 德清县,1162,通過
浙江省 湖州市 长兴县,1367,通過
浙江省 绍兴市 上虞区,297,通過
浙江省 绍兴市 柯桥区,674,通過
浙江省 绍兴市 诸暨市,2230,通過
浙江省 绍兴市 越城区,650,訪問
浙江省 衢州市 常山县,724,通過
浙江省 衢州市 开化县,545,通過
浙江省 衢州市 柯城区,525,通過
浙江省 衢州市 江山市,436,通過
浙江省 衢州市 衢江区,716,通過
浙江省 衢州市 龙游县,633,通過
浙江省 金华市 义乌市,1311,通過
浙江省 金华市 婺城区,1102,通過
浙江省 金华市 武义县,197,通過
浙江省 金华市 永康市,239,通過
浙江省 金华市 浦江县,125,通過
浙江省 金华市 金东区,1273,通過
海南省 万宁市 万宁市,3108,通過
海南省 三亚市 吉阳区,318,通過
海南省 三亚市 海棠区,952,訪問
海南省 文昌市 文昌市,4901,住居
海南省 海口市 琼山区,368,通過
海南省 海口市 秀英区,324,接地
海南省 海口市 美兰区,2068,訪問
海南省 海口市 龙华区,438,訪問
海南省 琼海市 琼海市,1850,訪問
海南省 陵水黎族自治县 陵水黎族自治县,2851,訪問
湖北省 仙桃市 仙桃市,820,通過
湖北省 咸宁市 咸安区,1240,通過
湖北省 咸宁市 赤壁市,2073,通過
湖北省 天门市 天门市,643,通過
湖北省 孝感市 云梦县,178,通過
湖北省 孝感市 大悟县,1761,通過
湖北省 孝感市 孝南区,1252,通過
湖北省 孝感市 孝昌县,605,通過
湖北省 孝感市 安陆市,438,通過
湖北省 孝感市 汉川市,1108,通過
湖北省 宜昌市 伍家岗区,258,通過
湖北省 宜昌市 夷陵区,228,通過
湖北省 宜昌市 枝江市,1244,通過
湖北省 宜昌市 点军区,641,通過
湖北省 宜昌市 猇亭区,112,通過
湖北省 宜昌市 长阳土家族自治县,834,通過
湖北省 恩施土家族苗族自治州 巴东县,511,通過
湖北省 恩施土家族苗族自治州 建始县,797,通過
湖北省 恩施土家族苗族自治州 恩施市,677,宿泊
湖北省 武汉市 东西湖区,654,通過
湖北省 武汉市 武昌区,3977,住居
湖北省 武汉市 汉阳区,1118,訪問
湖北省 武汉市 江夏区,3461,通過
湖北省 武汉市 江岸区,1456,訪問
湖北省 武汉市 江汉区,928,訪問
湖北省 武汉市 洪山区,4652,住居
湖北省 武汉市 硚口区,528,訪問
湖北省 武汉市 蔡甸区,622,訪問
湖北省 武汉市 青山区,237,通過
湖北省 武汉市 黄陂区,8008,宿泊
湖北省 潜江市 潜江市,1263,通過
湖北省 荆州市 沙市区,589,通過
湖北省 荆州市 荆州区,614,通過
湖北省 襄阳市 枣阳市,1178,通過
湖北省 襄阳市 樊城区,429,通過
湖北省 襄阳市 襄城区,480,宿泊
湖北省 襄阳市 襄州区,957,通過
湖北省 鄂州市 华容区,1902,通過
湖北省 鄂州市 鄂城区,2011,通過
湖北省 随州市 广水市,1203,通過
湖北省 随州市 曾都区,731,通過
湖北省 随州市 随县,749,通過
湖北省 黄冈市 红安县,459,通過
湖北省 黄冈市 麻城市,2857,通過
湖北省 黄冈市 黄州区,354,宿泊
湖北省 黄石市 下陆区,329,通過
湖北省 黄石市 大冶市,2338,通過
湖北省 黄石市 铁山区,116,通過
湖北省 黄石市 阳新县,3341,訪問
湖北省 黄石市 黄石港区,24,通過
湖南省 岳阳市 临湘市,1232,通過
湖南省 岳阳市 云溪区,513,通過
湖南省 岳阳市 岳阳县,1358,通過
湖南省 岳阳市 岳阳楼区,700,通過
湖南省 岳阳市 汨罗市,2285,通過
湖南省 株洲市 天元区,716,通過
湖南省 株洲市 渌口区,1214,通過
湖南省 株洲市 石峰区,236,通過
湖南省 株洲市 芦淞区,431,通過
湖南省 株洲市 荷塘区,53,通過
湖南省 株洲市 醴陵市,343,通過
湖南省 永州市 东安县,472,通過
湖南省 永州市 冷水滩区,600,通過
湖南省 永州市 祁阳市,368,通過
湖南省 湘潭市 岳塘区,336,通過
湖南省 湘潭市 湘潭县,738,通過
湖南省 衡阳市 南岳区,73,通過
湖南省 衡阳市 珠晖区,1141,通過
湖南省 衡阳市 祁东县,546,通過
湖南省 衡阳市 耒阳市,2156,通過
湖南省 衡阳市 蒸湘区,124,通過
湖南省 衡阳市 衡东县,1131,通過
湖南省 衡阳市 衡南县,1767,通過
湖南省 衡阳市 衡山县,843,通過
湖南省 衡阳市 衡阳县,243,通過
湖南省 衡阳市 雁峰区,127,通過
湖南省 郴州市 北湖区,513,通過
湖南省 郴州市 宜章县,616,通過
湖南省 郴州市 桂阳县,65,通過
湖南省 郴州市 永兴县,830,通過
湖南省 郴州市 苏仙区,1501,通過
湖南省 长沙市 天心区,272,訪問
湖南省 长沙市 岳麓区,202,訪問
湖南省 长沙市 开福区,302,宿泊
湖南省 长沙市 望城区,166,通過
湖南省 长沙市 芙蓉区,230,訪問
湖南省 长沙市 长沙县,791,通過
湖南省 长沙市 雨花区,564,接地
甘肃省 临夏回族自治州 永靖县,436,通過
甘肃省 兰州市 七里河区,458,接地
甘肃省 兰州市 城关区,921,宿泊
甘肃省 兰州市 安宁区,221,通過
甘肃省 兰州市 榆中县,937,訪問
甘肃省 兰州市 永登县,1407,通過
甘肃省 兰州市 皋兰县,800,訪問
甘肃省 兰州市 红古区,162,通過
甘肃省 兰州市 西固区,711,通過
甘肃省 嘉峪关市 嘉峪关市,667,宿泊
甘肃省 天水市 秦安县,548,通過
甘肃省 天水市 秦州区,37,通過
甘肃省 天水市 麦积区,1374,通過
甘肃省 定西市 安定区,861,通過
甘肃省 定西市 通渭县,609,通過
甘肃省 张掖市 临泽县,711,訪問
甘肃省 张掖市 山丹县,1849,通過
甘肃省 张掖市 民乐县,729,通過
甘肃省 张掖市 甘州区,1312,宿泊
甘肃省 张掖市 肃南裕固族自治县,0,訪問
甘肃省 张掖市 高台县,1445,通過
甘肃省 武威市 凉州区,956,通過
甘肃省 武威市 古浪县,723,通過
甘肃省 武威市 天祝藏族自治县,570,通過
甘肃省 酒泉市 敦煌市,621,宿泊
甘肃省 酒泉市 玉门市,1583,通過
甘肃省 酒泉市 瓜州县,2025,通過
甘肃省 酒泉市 肃州区,2321,通過
甘肃省 金昌市 永昌县,1198,通過
甘肃省 金昌市 金川区,111,通過
福建省 厦门市 同安区,306,通過
福建省 厦门市 思明区,417,宿泊
福建省 厦门市 海沧区,107,通過
福建省 厦门市 湖里区,344,宿泊
福建省 厦门市 翔安区,290,通過
福建省 厦门市 集美区,293,接地
福建省 宁德市 福安市,380,通過
福建省 宁德市 福鼎市,685,通過
福建省 宁德市 蕉城区,405,通過
福建省 宁德市 霞浦县,525,通過
福建省 泉州市 丰泽区,341,訪問
福建省 泉州市 南安市,395,通過
福建省 泉州市 惠安县,671,通過
福建省 泉州市 晋江市,468,通過
福建省 泉州市 泉港区,471,通過
福建省 泉州市 洛江区,92,通過
福建省 泉州市 石狮市,62,通過
福建省 泉州市 鲤城区,212,宿泊
福建省 漳州市 云霄县,221,通過
福建省 漳州市 漳浦县,341,通過
福建省 漳州市 诏安县,354,通過
福建省 漳州市 龙海区,537,通過
福建省 福州市 仓山区,124,通過
福建省 福州市 福清市,795,通過
福建省 福州市 罗源县,245,通過
福建省 福州市 连江县,507,通過
福建省 福州市 长乐区,37,通過
福建省 福州市 闽侯县,156,通過
福建省 福州市 马尾区,277,通過
福建省 莆田市 仙游县,203,通過
福建省 莆田市 城厢区,399,通過
福建省 莆田市 涵江区,386,通過
福建省 莆田市 秀屿区,202,接地
福建省 莆田市 荔城区,188,通過
辽宁省 大连市 旅顺口区,0,訪問
辽宁省 大连市 沙河口区,0,訪問
辽宁省 大连市 甘井子区,0,接地
陕西省 咸阳市 兴平市,363,通過
陕西省 咸阳市 杨陵区,149,通過
陕西省 咸阳市 武功县,221,通過
陕西省 咸阳市 泾阳县,5,訪問
陕西省 咸阳市 渭城区,740,訪問
陕西省 咸阳市 秦都区,193,通過
陕西省 宝鸡市 岐山县,102,通過
陕西省 宝鸡市 扶风县,160,通過
陕西省 宝鸡市 渭滨区,461,通過
陕西省 宝鸡市 眉县,213,通過
陕西省 宝鸡市 陈仓区,554,通過
陕西省 渭南市 临渭区,752,通過
陕西省 渭南市 华州区,786,通過
陕西省 渭南市 华阴市,945,通過
陕西省 渭南市 潼关县,501,通過
陕西省 西安市 临潼区,923,訪問
陕西省 西安市 新城区,223,宿泊
陕西省 西安市 未央区,948,接地
陕西省 西安市 灞桥区,347,通過
陕西省 西安市 碑林区,332,訪問
陕西省 西安市 莲湖区,146,訪問
陕西省 西安市 长安区,0,宿泊
陕西省 西安市 雁塔区,259,訪問
青海省 海东市 乐都区,575,通過
青海省 海东市 互助土族自治县,405,接地
青海省 海东市 平安区,320,通過
青海省 海东市 民和回族土族自治县,442,通過
青海省 海北藏族自治州 门源回族自治县,887,通過
青海省 海南藏族自治州 共和县,0,訪問
青海省 西宁市 城东区,551,宿泊
青海省 西宁市 城中区,155,通過
青海省 西宁市 城北区,157,通過
青海省 西宁市 城西区,386,宿泊
青海省 西宁市 大通回族土族自治县,826,通過
青海省 西宁市 湟中区,0,訪問
青海省 西宁市 湟源县,0,通過
